,subtitle,link
0,Arteta's side looking to go 10 points clear in clash against Magpies,https://www.thesun.co.uk/sport/20918710/arsenal-newcastle-live-stream-tv-channel-watch-premier-league-online-2/
1,Rashford and Van De Beek START league clash against Cherries,https://www.thesun.co.uk/sport/20917778/man-utd-bournemouth-live-stream-tv-channel-watch-premier-league-online/
2,Foxes host Fulham as Mitrovic andco look to keep up fine form,https://www.thesun.co.uk/sport/20925219/leicester-vs-fulham-live-updates-score-team-news-premier-league/
3,"Latest updates, score, team news as Frank Lampard's Everton host Brighton",https://www.thesun.co.uk/sport/20926634/everton-vs-brighton-live-updates-score-team-news-premier-league/
4,Free bets - Best betting offers in January 2023,https://www.thesun.co.uk/betting/20812234/free-bets/
5,Chelsea make late bid to HIJACK Arsenal's January transfer for Mykhaylo Mudryk,https://www.thesun.co.uk/sport/20929588/chelsea-bid-hijack-arsenal-transfer-mykhaylo-mudryk/
6,Ronaldo's embarrassing gaffe as he thinks he's in SOUTH AFRICA at unveiling,https://www.thesun.co.uk/sport/20930238/watch-cristiano-ronaldo-make-embarrassing-gaffe/
7,Ronaldo claims ‘multiple’ clubs tried to sign him before Al-Nassr move,https://www.thesun.co.uk/sport/20929698/cristiano-ronaldo-europe-clubs-rejected-transfer-al-nassr/
8,Gakpo's £37m move to Liverpool finalised with star available to face Wolves,https://www.thesun.co.uk/sport/20929638/cody-gakpo-transfer-liverpool-finalised-available-wolves-clash/
9,"Win a Land Rover Defender or £82,500 cash alternative from 89p with our discount code",https://www.thesun.co.uk/sport/betting-tips/18918779/win-car-competition-7dp/
10,Arsenal boost as Gabriel Jesus hints he's ditched crutches on Instagram,https://www.thesun.co.uk/sport/20921821/arsenal-gabriel-jesus-crutches-instagram-injury/
11,Get £20 in free bets on football or horse racing when you bet £10 with Virgin Bet,https://www.thesun.co.uk/sport/betting-tips/19555308/football-betting-offer-free-bets-virgin/
12,Fifa boss Gianni Infantino appears to take selfie next to Pele's coffin,https://www.thesun.co.uk/sport/20922847/fifa-gianni-infantino-selfie-pele/
13,Watch awkward moment Ronaldo is greeted by chorus of ‘SIUUU’ chant by press,https://www.thesun.co.uk/sport/20930291/cristiano-ronaldo-greeted-siuuu-chant-al-nassr/
14,Man Utd ‘open to selling Wan-Bissaka despite good form with clubs keen’,https://www.thesun.co.uk/sport/20930228/man-utd-open-selling-wan-bissaka-transfer/
15,"Zlatan, 41, shows off braided haircut as he looks in peak condition on beach",https://www.thesun.co.uk/sport/20923553/zlatan-ibrahimovic-new-haircut-ac-milan/
16,Chelsea target Fernandez back at Benfica for disciplinary rap after trip,https://www.thesun.co.uk/sport/20923697/chelsea-enzo-fernandez-returns-benfica-argentina/
17,Ronaldo repeats infamous World Cup wink as he arrives for Al-Nassr unveiling,https://www.thesun.co.uk/sport/20927157/ronaldo-infamous-wink-england-al-nassr/
18,Watch ex-Chelsea star Ross Barkley finally score for Nice with 25-yard screamer,https://www.thesun.co.uk/sport/20924010/chelsea-ross-barkley-nice-screamer/
19,Ronaldo boosts Al-Nassr's Instagram following by 7 MILLION since he arrived,https://www.thesun.co.uk/sport/20928458/cristiano-ronaldo-boosts-al-nassrs-instagram/
20,Wanda Nara stuns in pink bikini as Icardi’s estranged wife leaves horror 2022,https://www.thesun.co.uk/sport/20928987/wanda-nara-pink-bikini-2022-mauro-icardi/
21,Man Utd 'consider Giroud transfer' as they eye ex-Prem ace to replace Ronaldo,https://www.thesun.co.uk/sport/20927714/man-utd-giroud-transfer-replace-ronaldo/
22,Man Utd and Chelsea transfer hit as ‘Bournemouth contact Juventus for McKennie’,https://www.thesun.co.uk/sport/20929902/man-utd-chelsea-mckennie-transfer-bournemouth-contact-juventus/
23,Messi 'back in Paris' as private jet touches down after World Cup celebrations,https://www.thesun.co.uk/sport/20927699/lionel-messi-lands-paris-private-jet-world-cup/
24,Nunez brutally trolled by Domino’s after Liverpool's Brentford horror show,https://www.thesun.co.uk/sport/20925147/liverpool-darwin-nunez-trolled-dominos-pizza-brentford/
25,‘Flabbergasted’ Richards & Carragher slam ‘shambolic’ Reds after horror show,https://www.thesun.co.uk/sport/20919689/liverpool-shambolic-brentford-richards-carragher/
26,Ronaldo could line up with ex-Arsenal and Man Utd aces in Messi All-Stars game,https://www.thesun.co.uk/sport/20922241/cristiano-ronaldo-lionel-messi-man-utd-arsenal-all-stars/
27,Arsenal flop Tavares sparks huge brawl after kicking out at rival in Marseille win,https://www.thesun.co.uk/sport/20921871/arsenal-nuno-tavares-marseille-red-card-fight-montpellier/
28,Neville and Carragher row over Liverpool & Man Utd ‘blowing money’ on transfers,https://www.thesun.co.uk/sport/20920894/neville-carragher-row-liverpool-man-utd-transfer/
29,Neville left stunned as Chelsea fork out record Enzo Fernandez transfer fee,https://www.thesun.co.uk/sport/20923274/chelsea-enzo-fernandez-transfer-fee-gary-neville-reacts/
30,Barcelona 'eye Zaha free transfer as club seek cut price replacement for Torres',https://www.thesun.co.uk/sport/20922725/barcelona-zaha-free-transfer-torres-raphinha/
31,Arsenal could enter Declan Rice transfer battle amid £70m price tag,https://www.thesun.co.uk/sport/20922381/arsenal-rice-transfer-west-ham/
32,Man Utd icon Rooney spotted at Wigan vs Hull supporting ex-Derby assistant,https://www.thesun.co.uk/sport/20919444/man-utd-wayne-rooney-spotted-stands-wigan-hull/
33,Sancho spotted back at Man Utd training ground TEN WEEKS since his last game,https://www.thesun.co.uk/sport/20917858/jadon-sancho-man-utd-training-ground-bournemouth/
34,Barcelona 'to ditch iconic yellow and red fourth kit' with new design revealed,https://www.thesun.co.uk/sport/20925546/barcelona-senyera-fourth-kit-axed-new-design/
35,Brighton to extend Trossard's contract in order to stave off transfer interest,https://www.thesun.co.uk/sport/20925043/brighton-leandro-trossard-contract-chelsea-newcastle-transfer/
36,Ex-Man Utd star's playing return at 45 years old - 18 months after retiring,https://www.thesun.co.uk/sport/football/20929344/ex-rangers-star-shock-playing-return-months-retired/
37,Messi's wife Antonela shows support for Shakira over bitter Gerard Pique breakup,https://www.thesun.co.uk/sport/20922029/lionel-messi-antonela-shakira-gerard-pique/
38,Arsenal fans think Mudryk is in London as they point out clues,https://www.thesun.co.uk/sport/20917507/arsenal-fans-mykhailo-mudryk-london-transfer/
39,Wolves boss Lopetegui rules out Nunes transfer after Liverpool ‘launch £44m bid’,https://www.thesun.co.uk/sport/20930425/lopetegui-rules-out-nunes-liverpool-44m-transfer/
40,Chelsea set to sign Enzo Fernandez for £112m Premier League record transfer fee,https://www.thesun.co.uk/sport/20921935/chelsea-fernandez-premier-league-record-transfer/
41,Man Utd bring forward Yann Sommer pursuit after Dubravka's Newcastle recall,https://www.thesun.co.uk/sport/20927806/man-utd-yann-sommer-transfer-dubravka-recall/
42,Foxes ‘want Dubravka transfer in January’ after Man Utd loan was terminated,https://www.thesun.co.uk/sport/20928343/leicester-martin-dubravka-transfer-newcastle-man-utd-loan/
43,"Ronaldo Al Nassr debut date REVEALED, Marcus Thuram LATEST, De Jong BOOST",https://www.thesun.co.uk/sport/20874338/man-utd-transfer-news-live-cristiano-ronaldo-marcus-thuram-de-jong/
44,"Arsenal in for Mudryk £62m second bid LATEST, Franck Kessie TWIST",https://www.thesun.co.uk/sport/20803775/arsenal-transfer-news-live-mykhaylo-mudryk-bid-latest-declan-rice/
45,Leeds sign Max Wober in £14m transfer for Salzburg defender,https://www.thesun.co.uk/sport/20922964/leeds-wober-transfer-salzburg/
46,Ferdinand compares Odegaard to Arsenal legend & calls Gunners 'real deal',https://www.thesun.co.uk/sport/20922812/ozil-ferdinand-mozart-odegaard-arsenal-legend/
47,Emile Smith Rowe set to make Arsenal return at Oxford after six months out,https://www.thesun.co.uk/sport/20924948/arsenal-emile-smith-rowe-injury-return-oxford/
48,Ten Hag reveals he won't 'burn money' in Man Utd's hunt for a new striker,https://www.thesun.co.uk/sport/20921024/man-utd-transfer-news-ten-hag-january-signings/
49,Premier League: Get up to £50 back as CASH if any of your first five bets lose,https://www.thesun.co.uk/sport/betting-tips/20003921/get-50-cash-back-football-bets-paddy-power/
50,Bet £5 on the Premier League and get £20 in free bets with Ladbrokes,https://www.thesun.co.uk/sport/betting-tips/19780272/ladbrokes-20-football-free-bets/
51,The best online casinos in the UK: Top 10 casino sites for January 2023,https://www.thesun.co.uk/betting/20803800/the-best-online-casinos-in-the-uk/
52,Haller back in Dortmund training six months after testicular cancer diagnosis,https://www.thesun.co.uk/sport/20922125/sebastien-haller-dortmund-training-testicular-cancer/
53,"Barcelona fined over £700,000 for Financial Fair Play breach regarding transfers",https://www.thesun.co.uk/sport/20928730/barcelona-fined-breaching-fair-play-rules/
54,Ten Hag admits he has ‘reservations’ over recalling Diallo from Sunderland loan,https://www.thesun.co.uk/sport/20926174/man-utd-ten-hag-reservations-diallo-sunderland-loan/
55,Scarborough v Darlington stopped for 40 minutes after female official abused,https://www.thesun.co.uk/sport/20919751/scarborough-darlington-delayed-abuse-female-official/
56,Legend Pele turned Santos into globetropping entertainers and world champions,https://www.thesun.co.uk/sport/20922975/pele-santos-coffin-champions/
57,Argentina's wild World Cup celebrations born from history & power of football,https://www.thesun.co.uk/sport/20861201/argentina-world-cup-celebrations-history/
58,Spurs fans slam Levy but he's built world-class stadium and hired elite boss,https://www.thesun.co.uk/sport/20919869/dave-kidd-spurs-daniel-levy-antonio-conte-champions-league/
59,Diletta Leotta stuns in black dress as she celebrates New Year with Loris Karius,https://www.thesun.co.uk/sport/20923632/diletta-leotta-loris-karius/
60,Kevin Trapp's Wag Izabel Goulart shows off bum as she tops up tan on holiday,https://www.thesun.co.uk/sport/20916631/kevin-trapp-wag-izabel-goulart-poses-bikini-holiday/
61,Mexico's sexiest fan goes topless in tight leggings and Santa hat in Xmas post,https://www.thesun.co.uk/sport/20876440/mexico-yanet-garcia-topless-skintight-santa-christmas/
